Workbook

Sheet Aadhar - DC
A1: Site | J1: Hyperverge Red
B2: Total Onboarding | C2: Aadhar | D2: Manual | E2: Compliance % | F2: Total Onboarding | G2: Aadhar | H2: Manual | I2: Compliance % | J2: =B1 | K2: =F1
A3: Bangalore DC | B3: =COUNTIFS('Onboarding Base'!$H:$H, $A3, 'Onboarding Base'!$J:$J, B$1) | C3: =COUNTIFS('Onboarding Base'!$H:$H, $A3, 'Onboarding Base'!$J:$J, B$1, 'Onboarding Base'!$P:$P, "Y") | D3: =COUNTIFS('Onboarding Base'!$H:$H, $A3, 'Onboarding Base'!$J:$J, B$1, 'Onboarding Base'!$P:$P, "N") | E3: =IFERROR(C3/B3,100%) | F3: =COUNTIFS('Onboarding Base'!$H:$H, $A3, 'Onboarding Base'!$J:$J, F$1) | G3: =COUNTIFS('Onboarding Base'!$H:$H, $A3, 'Onboarding Base'!$J:$J, F$1, 'Onboarding Base'!$P:$P, "Y") | H3: =COUNTIFS('Onboarding Base'!$H:$H, $A3, 'Onboarding Base'!$J:$J, F$1, 'Onboarding Base'!$P:$P, "N") | I3: =IFERROR(G3/F3,100%) | J3: ='Hyperverge - DC'!C3 | K3: ='Hyperverge - DC'!E3
A4: Hyderabad DC | B4: =COUNTIFS('Onboarding Base'!$H:$H, $A4, 'Onboarding Base'!$J:$J, B$1) | C4: =COUNTIFS('Onboarding Base'!$H:$H, $A4, 'Onboarding Base'!$J:$J, B$1, 'Onboarding Base'!$P:$P, "Y") | D4: =COUNTIFS('Onboarding Base'!$H:$H, $A4, 'Onboarding Base'!$J:$J, B$1, 'Onboarding Base'!$P:$P, "N") | E4: =IFERROR(C4/B4,100%) | F4: =COUNTIFS('Onboarding Base'!$H:$H, $A4, 'Onboarding Base'!$J:$J, F$1) | G4: =COUNTIFS('Onboarding Base'!$H:$H, $A4, 'Onboarding Base'!$J:$J, F$1, 'Onboarding Base'!$P:$P, "Y") | H4: =COUNTIFS('Onboarding Base'!$H:$H, $A4, 'Onboarding Base'!$J:$J, F$1, 'Onboarding Base'!$P:$P, "N") | I4: =IFERROR(G4/F4,100%) | J4: ='Hyperverge - DC'!C4 | K4: ='Hyperverge - DC'!E4
A5: NCR TAURU DC | B5: =COUNTIFS('Onboarding Base'!$H:$H, $A5, 'Onboarding Base'!$J:$J, B$1) | C5: =COUNTIFS('Onboarding Base'!$H:$H, $A5, 'Onboarding Base'!$J:$J, B$1, 'Onboarding Base'!$P:$P, "Y") | D5: =COUNTIFS('Onboarding Base'!$H:$H, $A5, 'Onboarding Base'!$J:$J, B$1, 'Onboarding Base'!$P:$P, "N") | E5: =IFERROR(C5/B5,100%) | F5: =COUNTIFS('Onboarding Base'!$H:$H, $A5, 'Onboarding Base'!$J:$J, F$1) | G5: =COUNTIFS('Onboarding Base'!$H:$H, $A5, 'Onboarding Base'!$J:$J, F$1, 'Onboarding Base'!$P:$P, "Y") | H5: =COUNTIFS('Onboarding Base'!$H:$H, $A5, 'Onboarding Base'!$J:$J, F$1, 'Onboarding Base'!$P:$P, "N") | I5: =IFERROR(G5/F5,100%) | J5: ='Hyperverge - DC'!C5 | K5: ='Hyperverge - DC'!E5
A6: ONE NCR DC | B6: =COUNTIFS('Onboarding Base'!$H:$H, $A6, 'Onboarding Base'!$J:$J, B$1) | C6: =COUNTIFS('Onboarding Base'!$H:$H, $A6, 'Onboarding Base'!$J:$J, B$1, 'Onboarding Base'!$P:$P, "Y") | D6: =COUNTIFS('Onboarding Base'!$H:$H, $A6, 'Onboarding Base'!$J:$J, B$1, 'Onboarding Base'!$P:$P, "N") | E6: =IFERROR(C6/B6,100%) | F6: =COUNTIFS('Onboarding Base'!$H:$H, $A6, 'Onboarding Base'!$J:$J, F$1) | G6: =COUNTIFS('Onboarding Base'!$H:$H, $A6, 'Onboarding Base'!$J:$J, F$1, 'Onboarding Base'!$P:$P, "Y") | H6: =COUNTIFS('Onboarding Base'!$H:$H, $A6, 'Onboarding Base'!$J:$J, F$1, 'Onboarding Base'!$P:$P, "N") | I6: =IFERROR(G6/F6,100%) | J6: ='Hyperverge - DC'!C6 | K6: ='Hyperverge - DC'!E6
A7: NCR Bilaspur DC | B7: =COUNTIFS('Onboarding Base'!$H:$H, $A7, 'Onboarding Base'!$J:$J, B$1) | C7: =COUNTIFS('Onboarding Base'!$H:$H, $A7, 'Onboarding Base'!$J:$J, B$1, 'Onboarding Base'!$P:$P, "Y") | D7: =COUNTIFS('Onboarding Base'!$H:$H, $A7, 'Onboarding Base'!$J:$J, B$1, 'Onboarding Base'!$P:$P, "N") | E7: =IFERROR(C7/B7,100%) | F7: =COUNTIFS('Onboarding Base'!$H:$H, $A7, 'Onboarding Base'!$J:$J, F$1) | G7: =COUNTIFS('Onboarding Base'!$H:$H, $A7, 'Onboarding Base'!$J:$J, F$1, 'Onboarding Base'!$P:$P, "Y") | H7: =COUNTIFS('Onboarding Base'!$H:$H, $A7, 'Onboarding Base'!$J:$J, F$1, 'Onboarding Base'!$P:$P, "N") | I7: =IFERROR(G7/F7,100%) | J7: ='Hyperverge - DC'!C7 | K7: ='Hyperverge - DC'!E7
A8: Lucknow DC | B8: =COUNTIFS('Onboarding Base'!$H:$H, $A8, 'Onboarding Base'!$J:$J, B$1) | C8: =COUNTIFS('Onboarding Base'!$H:$H, $A8, 'Onboarding Base'!$J:$J, B$1, 'Onboarding Base'!$P:$P, "Y") | D8: =COUNTIFS('Onboarding Base'!$H:$H, $A8, 'Onboarding Base'!$J:$J, B$1, 'Onboarding Base'!$P:$P, "N") | E8: =IFERROR(C8/B8,100%) | F8: =COUNTIFS('Onboarding Base'!$H:$H, $A8, 'Onboarding Base'!$J:$J, F$1) | G8: =COUNTIFS('Onboarding Base'!$H:$H, $A8, 'Onboarding Base'!$J:$J, F$1, 'Onboarding Base'!$P:$P, "Y") | H8: =COUNTIFS('Onboarding Base'!$H:$H, $A8, 'Onboarding Base'!$J:$J, F$1, 'Onboarding Base'!$P:$P, "N") | I8: =IFERROR(G8/F8,100%) | J8: ='Hyperverge - DC'!C8 | K8: ='Hyperverge - DC'!E8
A9: Surat DC | B9: =COUNTIFS('Onboarding Base'!$H:$H, $A9, 'Onboarding Base'!$J:$J, B$1) | C9: =COUNTIFS('Onboarding Base'!$H:$H, $A9, 'Onboarding Base'!$J:$J, B$1, 'Onboarding Base'!$P:$P, "Y") | D9: =COUNTIFS('Onboarding Base'!$H:$H, $A9, 'Onboarding Base'!$J:$J, B$1, 'Onboarding Base'!$P:$P, "N") | E9: =IFERROR(C9/B9,100%) | F9: =COUNTIFS('Onboarding Base'!$H:$H, $A9, 'Onboarding Base'!$J:$J, F$1) | G9: =COUNTIFS('Onboarding Base'!$H:$H, $A9, 'Onboarding Base'!$J:$J, F$1, 'Onboarding Base'!$P:$P, "Y") | H9: =COUNTIFS('Onboarding Base'!$H:$H, $A9, 'Onboarding Base'!$J:$J, F$1, 'Onboarding Base'!$P:$P, "N") | I9: =IFERROR(G9/F9,100%) | J9: ='Hyperverge - DC'!C9 | K9: ='Hyperverge - DC'!E9
A10: Ahmedabad DC | B10: =COUNTIFS('Onboarding Base'!$H:$H, $A10, 'Onboarding Base'!$J:$J, B$1) | C10: =COUNTIFS('Onboarding Base'!$H:$H, $A10, 'Onboarding Base'!$J:$J, B$1, 'Onboarding Base'!$P:$P, "Y") | D10: =COUNTIFS('Onboarding Base'!$H:$H, $A10, 'Onboarding Base'!$J:$J, B$1, 'Onboarding Base'!$P:$P, "N") | E10: =IFERROR(C10/B10,100%) | F10: =COUNTIFS('Onboarding Base'!$H:$H, $A10, 'Onboarding Base'!$J:$J, F$1) | G10: =COUNTIFS('Onboarding Base'!$H:$H, $A10, 'Onboarding Base'!$J:$J, F$1, 'Onboarding Base'!$P:$P, "Y") | H10: =COUNTIFS('Onboarding Base'!$H:$H, $A10, 'Onboarding Base'!$J:$J, F$1, 'Onboarding Base'!$P:$P, "N") | I10: =IFERROR(G10/F10,100%) | J10: ='Hyperverge - DC'!C10 | K10: ='Hyperverge - DC'!E10
A11: NCR Bamnoli DC | B11: =COUNTIFS('Onboarding Base'!$H:$H, $A11, 'Onboarding Base'!$J:$J, B$1) | C11: =COUNTIFS('Onboarding Base'!$H:$H, $A11, 'Onboarding Base'!$J:$J, B$1, 'Onboarding Base'!$P:$P, "Y") | D11: =COUNTIFS('Onboarding Base'!$H:$H, $A11, 'Onboarding Base'!$J:$J, B$1, 'Onboarding Base'!$P:$P, "N") | E11: =IFERROR(C11/B11,100%) | F11: =COUNTIFS('Onboarding Base'!$H:$H, $A11, 'Onboarding Base'!$J:$J, F$1) | G11: =COUNTIFS('Onboarding Base'!$H:$H, $A11, 'Onboarding Base'!$J:$J, F$1, 'Onboarding Base'!$P:$P, "Y") | H11: =COUNTIFS('Onboarding Base'!$H:$H, $A11, 'Onboarding Base'!$J:$J, F$1, 'Onboarding Base'!$P:$P, "N") | I11: =IFERROR(G11/F11,100%) | J11: ='Hyperverge - DC'!C11 | K11: ='Hyperverge - DC'!E11
A12: Kolkata DC | B12: =COUNTIFS('Onboarding Base'!$H:$H, $A12, 'Onboarding Base'!$J:$J, B$1) | C12: =COUNTIFS('Onboarding Base'!$H:$H, $A12, 'Onboarding Base'!$J:$J, B$1, 'Onboarding Base'!$P:$P, "Y") | D12: =COUNTIFS('Onboarding Base'!$H:$H, $A12, 'Onboarding Base'!$J:$J, B$1, 'Onboarding Base'!$P:$P, "N") | E12: =IFERROR(C12/B12,100%) | F12: =COUNTIFS('Onboarding Base'!$H:$H, $A12, 'Onboarding Base'!$J:$J, F$1) | G12: =COUNTIFS('Onboarding Base'!$H:$H, $A12, 'Onboarding Base'!$J:$J, F$1, 'Onboarding Base'!$P:$P, "Y") | H12: =COUNTIFS('Onboarding Base'!$H:$H, $A12, 'Onboarding Base'!$J:$J, F$1, 'Onboarding Base'!$P:$P, "N") | I12: =IFERROR(G12/F12,100%) | J12: ='Hyperverge - DC'!C12 | K12: ='Hyperverge - DC'!E12
A13: Mumbai DC | B13: =COUNTIFS('Onboarding Base'!$H:$H, $A13, 'Onboarding Base'!$J:$J, B$1) | C13: =COUNTIFS('Onboarding Base'!$H:$H, $A13, 'Onboarding Base'!$J:$J, B$1, 'Onboarding Base'!$P:$P, "Y") | D13: =COUNTIFS('Onboarding Base'!$H:$H, $A13, 'Onboarding Base'!$J:$J, B$1, 'Onboarding Base'!$P:$P, "N") | E13: =IFERROR(C13/B13,100%) | F13: =COUNTIFS('Onboarding Base'!$H:$H, $A13, 'Onboarding Base'!$J:$J, F$1) | G13: =COUNTIFS('Onboarding Base'!$H:$H, $A13, 'Onboarding Base'!$J:$J, F$1, 'Onboarding Base'!$P:$P, "Y") | H13: =COUNTIFS('Onboarding Base'!$H:$H, $A13, 'Onboarding Base'!$J:$J, F$1, 'Onboarding Base'!$P:$P, "N") | I13: =IFERROR(G13/F13,100%) | J13: ='Hyperverge - DC'!C13 | K13: ='Hyperverge - DC'!E13
A14: Jaipur DC | B14: =COUNTIFS('Onboarding Base'!$H:$H, $A14, 'Onboarding Base'!$J:$J, B$1) | C14: =COUNTIFS('Onboarding Base'!$H:$H, $A14, 'Onboarding Base'!$J:$J, B$1, 'Onboarding Base'!$P:$P, "Y") | D14: =COUNTIFS('Onboarding Base'!$H:$H, $A14, 'Onboarding Base'!$J:$J, B$1, 'Onboarding Base'!$P:$P, "N") | E14: =IFERROR(C14/B14,100%) | F14: =COUNTIFS('Onboarding Base'!$H:$H, $A14, 'Onboarding Base'!$J:$J, F$1) | G14: =COUNTIFS('Onboarding Base'!$H:$H, $A14, 'Onboarding Base'!$J:$J, F$1, 'Onboarding Base'!$P:$P, "Y") | H14: =COUNTIFS('Onboarding Base'!$H:$H, $A14, 'Onboarding Base'!$J:$J, F$1, 'Onboarding Base'!$P:$P, "N") | I14: =IFERROR(G14/F14,100%) | J14: ='Hyperverge - DC'!C14 | K14: ='Hyperverge - DC'!E14
... A28: One_AMD DC | B28: =COUNTIFS('Onboarding Base'!$H:$H, $A28, 'Onboarding Base'!$J:$J, B$1) | C28: =COUNTIFS('Onboarding Base'!$H:$H, $A28, 'Onboarding Base'!$J:$J, B$1, 'Onboarding Base'!$P:$P, "Y") | D28: =COUNTIFS('Onboarding Base'!$H:$H, $A28, 'Onboarding Base'!$J:$J, B$1, 'Onboarding Base'!$P:$P, "N") | E28: =IFERROR(C28/B28,100%) | F28: =COUNTIFS('Onboarding Base'!$H:$H, $A28, 'Onboarding Base'!$J:$J, F$1) | G28: =COUNTIFS('Onboarding Base'!$H:$H, $A28, 'Onboarding Base'!$J:$J, F$1, 'Onboarding Base'!$P:$P, "Y") | H28: =COUNTIFS('Onboarding Base'!$H:$H, $A28, 'Onboarding Base'!$J:$J, F$1, 'Onboarding Base'!$P:$P, "N") | I28: =IFERROR(G28/F28,100%) | J28: ='Hyperverge - DC'!C28 | K28: ='Hyperverge - DC'!E28
A29: Grand Total | B29: =SUM(B3:B28) | C29: =SUM(C3:C28) | D29: =SUM(D3:D28) | E29: =IFERROR(C29/B29,100%) | F29: =SUM(F3:F28) | G29: =SUM(G3:G28) | H29: =SUM(H3:H28) | I29: =IFERROR(G29/F29,100%) | J29: =SUM(J3:J28) | K29: =SUM(K3:K28)

Sheet Aadhar - XD
A1: Site | J1: Hyperverge Red
B2: Total Onboarding | C2: Aadhar | D2: Manual | E2: Compliance % | F2: Total Onboarding | G2: Aadhar | H2: Manual | I2: Compliance % | J2: =B1 | K2: =F1
A3: Indore XD | B3: =COUNTIFS('Onboarding Base'!$H:$H, $A3, 'Onboarding Base'!$J:$J, B$1) | C3: =COUNTIFS('Onboarding Base'!$H:$H, $A3, 'Onboarding Base'!$J:$J, B$1, 'Onboarding Base'!$P:$P, "Y") | D3: =COUNTIFS('Onboarding Base'!$H:$H, $A3, 'Onboarding Base'!$J:$J, B$1, 'Onboarding Base'!$P:$P, "N") | E3: =IFERROR(C3/B3,100%) | F3: =COUNTIFS('Onboarding Base'!$H:$H, $A3, 'Onboarding Base'!$J:$J, F$1) | G3: =COUNTIFS('Onboarding Base'!$H:$H, $A3, 'Onboarding Base'!$J:$J, F$1, 'Onboarding Base'!$P:$P, "Y") | H3: =COUNTIFS('Onboarding Base'!$H:$H, $A3, 'Onboarding Base'!$J:$J, F$1, 'Onboarding Base'!$P:$P, "N") | I3: =IFERROR(G3/F3,100%) | J3: ='Hyperverge - XD'!C3 | K3: ='Hyperverge - XD'!E3
A4: BHUBANESWAR XD | B4: =COUNTIFS('Onboarding Base'!$H:$H, $A4, 'Onboarding Base'!$J:$J, B$1) | C4: =COUNTIFS('Onboarding Base'!$H:$H, $A4, 'Onboarding Base'!$J:$J, B$1, 'Onboarding Base'!$P:$P, "Y") | D4: =COUNTIFS('Onboarding Base'!$H:$H, $A4, 'Onboarding Base'!$J:$J, B$1, 'Onboarding Base'!$P:$P, "N") | E4: =IFERROR(C4/B4,100%) | F4: =COUNTIFS('Onboarding Base'!$H:$H, $A4, 'Onboarding Base'!$J:$J, F$1) | G4: =COUNTIFS('Onboarding Base'!$H:$H, $A4, 'Onboarding Base'!$J:$J, F$1, 'Onboarding Base'!$P:$P, "Y") | H4: =COUNTIFS('Onboarding Base'!$H:$H, $A4, 'Onboarding Base'!$J:$J, F$1, 'Onboarding Base'!$P:$P, "N") | I4: =IFERROR(G4/F4,100%) | J4: ='Hyperverge - XD'!C4 | K4: ='Hyperverge - XD'!E4
A5: Trichy XD | B5: =COUNTIFS('Onboarding Base'!$H:$H, $A5, 'Onboarding Base'!$J:$J, B$1) | C5: =COUNTIFS('Onboarding Base'!$H:$H, $A5, 'Onboarding Base'!$J:$J, B$1, 'Onboarding Base'!$P:$P, "Y") | D5: =COUNTIFS('Onboarding Base'!$H:$H, $A5, 'Onboarding Base'!$J:$J, B$1, 'Onboarding Base'!$P:$P, "N") | E5: =IFERROR(C5/B5,100%) | F5: =COUNTIFS('Onboarding Base'!$H:$H, $A5, 'Onboarding Base'!$J:$J, F$1) | G5: =COUNTIFS('Onboarding Base'!$H:$H, $A5, 'Onboarding Base'!$J:$J, F$1, 'Onboarding Base'!$P:$P, "Y") | H5: =COUNTIFS('Onboarding Base'!$H:$H, $A5, 'Onboarding Base'!$J:$J, F$1, 'Onboarding Base'!$P:$P, "N") | I5: =IFERROR(G5/F5,100%) | J5: ='Hyperverge - XD'!C5 | K5: ='Hyperverge - XD'!E5
A6: Pune XD | B6: =COUNTIFS('Onboarding Base'!$H:$H, $A6, 'Onboarding Base'!$J:$J, B$1) | C6: =COUNTIFS('Onboarding Base'!$H:$H, $A6, 'Onboarding Base'!$J:$J, B$1, 'Onboarding Base'!$P:$P, "Y") | D6: =COUNTIFS('Onboarding Base'!$H:$H, $A6, 'Onboarding Base'!$J:$J, B$1, 'Onboarding Base'!$P:$P, "N") | E6: =IFERROR(C6/B6,100%) | F6: =COUNTIFS('Onboarding Base'!$H:$H, $A6, 'Onboarding Base'!$J:$J, F$1) | G6: =COUNTIFS('Onboarding Base'!$H:$H, $A6, 'Onboarding Base'!$J:$J, F$1, 'Onboarding Base'!$P:$P, "Y") | H6: =COUNTIFS('Onboarding Base'!$H:$H, $A6, 'Onboarding Base'!$J:$J, F$1, 'Onboarding Base'!$P:$P, "N") | I6: =IFERROR(G6/F6,100%) | J6: ='Hyperverge - XD'!C6 | K6: ='Hyperverge - XD'!E6
A7: Ludhiana XD | B7: =COUNTIFS('Onboarding Base'!$H:$H, $A7, 'Onboarding Base'!$J:$J, B$1) | C7: =COUNTIFS('Onboarding Base'!$H:$H, $A7, 'Onboarding Base'!$J:$J, B$1, 'Onboarding Base'!$P:$P, "Y") | D7: =COUNTIFS('Onboarding Base'!$H:$H, $A7, 'Onboarding Base'!$J:$J, B$1, 'Onboarding Base'!$P:$P, "N") | E7: =IFERROR(C7/B7,100%) | F7: =COUNTIFS('Onboarding Base'!$H:$H, $A7, 'Onboarding Base'!$J:$J, F$1) | G7: =COUNTIFS('Onboarding Base'!$H:$H, $A7, 'Onboarding Base'!$J:$J, F$1, 'Onboarding Base'!$P:$P, "Y") | H7: =COUNTIFS('Onboarding Base'!$H:$H, $A7, 'Onboarding Base'!$J:$J, F$1, 'Onboarding Base'!$P:$P, "N") | I7: =IFERROR(G7/F7,100%) | J7: ='Hyperverge - XD'!C7 | K7: ='Hyperverge - XD'!E7
A8: Coimbatore XD | B8: =COUNTIFS('Onboarding Base'!$H:$H, $A8, 'Onboarding Base'!$J:$J, B$1) | C8: =COUNTIFS('Onboarding Base'!$H:$H, $A8, 'Onboarding Base'!$J:$J, B$1, 'Onboarding Base'!$P:$P, "Y") | D8: =COUNTIFS('Onboarding Base'!$H:$H, $A8, 'Onboarding Base'!$J:$J, B$1, 'Onboarding Base'!$P:$P, "N") | E8: =IFERROR(C8/B8,100%) | F8: =COUNTIFS('Onboarding Base'!$H:$H, $A8, 'Onboarding Base'!$J:$J, F$1) | G8: =COUNTIFS('Onboarding Base'!$H:$H, $A8, 'Onboarding Base'!$J:$J, F$1, 'Onboarding Base'!$P:$P, "Y") | H8: =COUNTIFS('Onboarding Base'!$H:$H, $A8, 'Onboarding Base'!$J:$J, F$1, 'Onboarding Base'!$P:$P, "N") | I8: =IFERROR(G8/F8,100%) | J8: ='Hyperverge - XD'!C8 | K8: ='Hyperverge - XD'!E8
A9: Ranchi XD | B9: =COUNTIFS('Onboarding Base'!$H:$H, $A9, 'Onboarding Base'!$J:$J, B$1) | C9: =COUNTIFS('Onboarding Base'!$H:$H, $A9, 'Onboarding Base'!$J:$J, B$1, 'Onboarding Base'!$P:$P, "Y") | D9: =COUNTIFS('Onboarding Base'!$H:$H, $A9, 'Onboarding Base'!$J:$J, B$1, 'Onboarding Base'!$P:$P, "N") | E9: =IFERROR(C9/B9,100%) | F9: =COUNTIFS('Onboarding Base'!$H:$H, $A9, 'Onboarding Base'!$J:$J, F$1) | G9: =COUNTIFS('Onboarding Base'!$H:$H, $A9, 'Onboarding Base'!$J:$J, F$1, 'Onboarding Base'!$P:$P, "Y") | H9: =COUNTIFS('Onboarding Base'!$H:$H, $A9, 'Onboarding Base'!$J:$J, F$1, 'Onboarding Base'!$P:$P, "N") | I9: =IFERROR(G9/F9,100%) | J9: ='Hyperverge - XD'!C9 | K9: ='Hyperverge - XD'!E9
A10: Kochi XD | B10: =COUNTIFS('Onboarding Base'!$H:$H, $A10, 'Onboarding Base'!$J:$J, B$1) | C10: =COUNTIFS('Onboarding Base'!$H:$H, $A10, 'Onboarding Base'!$J:$J, B$1, 'Onboarding Base'!$P:$P, "Y") | D10: =COUNTIFS('Onboarding Base'!$H:$H, $A10, 'Onboarding Base'!$J:$J, B$1, 'Onboarding Base'!$P:$P, "N") | E10: =IFERROR(C10/B10,100%) | F10: =COUNTIFS('Onboarding Base'!$H:$H, $A10, 'Onboarding Base'!$J:$J, F$1) | G10: =COUNTIFS('Onboarding Base'!$H:$H, $A10, 'Onboarding Base'!$J:$J, F$1, 'Onboarding Base'!$P:$P, "Y") | H10: =COUNTIFS('Onboarding Base'!$H:$H, $A10, 'Onboarding Base'!$J:$J, F$1, 'Onboarding Base'!$P:$P, "N") | I10: =IFERROR(G10/F10,100%) | J10: ='Hyperverge - XD'!C10 | K10: ='Hyperverge - XD'!E10
A11: Raipur XD | B11: =COUNTIFS('Onboarding Base'!$H:$H, $A11, 'Onboarding Base'!$J:$J, B$1) | C11: =COUNTIFS('Onboarding Base'!$H:$H, $A11, 'Onboarding Base'!$J:$J, B$1, 'Onboarding Base'!$P:$P, "Y") | D11: =COUNTIFS('Onboarding Base'!$H:$H, $A11, 'Onboarding Base'!$J:$J, B$1, 'Onboarding Base'!$P:$P, "N") | E11: =IFERROR(C11/B11,100%) | F11: =COUNTIFS('Onboarding Base'!$H:$H, $A11, 'Onboarding Base'!$J:$J, F$1) | G11: =COUNTIFS('Onboarding Base'!$H:$H, $A11, 'Onboarding Base'!$J:$J, F$1, 'Onboarding Base'!$P:$P, "Y") | H11: =COUNTIFS('Onboarding Base'!$H:$H, $A11, 'Onboarding Base'!$J:$J, F$1, 'Onboarding Base'!$P:$P, "N") | I11: =IFERROR(G11/F11,100%) | J11: ='Hyperverge - XD'!C11 | K11: ='Hyperverge - XD'!E11
A12: Vanaras XD | B12: =COUNTIFS('Onboarding Base'!$H:$H, $A12, 'Onboarding Base'!$J:$J, B$1) | C12: =COUNTIFS('Onboarding Base'!$H:$H, $A12, 'Onboarding Base'!$J:$J, B$1, 'Onboarding Base'!$P:$P, "Y") | D12: =COUNTIFS('Onboarding Base'!$H:$H, $A12, 'Onboarding Base'!$J:$J, B$1, 'Onboarding Base'!$P:$P, "N") | E12: =IFERROR(C12/B12,100%) | F12: =COUNTIFS('Onboarding Base'!$H:$H, $A12, 'Onboarding Base'!$J:$J, F$1) | G12: =COUNTIFS('Onboarding Base'!$H:$H, $A12, 'Onboarding Base'!$J:$J, F$1, 'Onboarding Base'!$P:$P, "Y") | H12: =COUNTIFS('Onboarding Base'!$H:$H, $A12, 'Onboarding Base'!$J:$J, F$1, 'Onboarding Base'!$P:$P, "N") | I12: =IFERROR(G12/F12,100%) | J12: ='Hyperverge - XD'!C12 | K12: ='Hyperverge - XD'!E12
A13: Vijayawada XD | B13: =COUNTIFS('Onboarding Base'!$H:$H, $A13, 'Onboarding Base'!$J:$J, B$1) | C13: =COUNTIFS('Onboarding Base'!$H:$H, $A13, 'Onboarding Base'!$J:$J, B$1, 'Onboarding Base'!$P:$P, "Y") | D13: =COUNTIFS('Onboarding Base'!$H:$H, $A13, 'Onboarding Base'!$J:$J, B$1, 'Onboarding Base'!$P:$P, "N") | E13: =IFERROR(C13/B13,100%) | F13: =COUNTIFS('Onboarding Base'!$H:$H, $A13, 'Onboarding Base'!$J:$J, F$1) | G13: =COUNTIFS('Onboarding Base'!$H:$H, $A13, 'Onboarding Base'!$J:$J, F$1, 'Onboarding Base'!$P:$P, "Y") | H13: =COUNTIFS('Onboarding Base'!$H:$H, $A13, 'Onboarding Base'!$J:$J, F$1, 'Onboarding Base'!$P:$P, "N") | I13: =IFERROR(G13/F13,100%) | J13: ='Hyperverge - XD'!C13 | K13: ='Hyperverge - XD'!E13
A14: Visakhapatnam XD | B14: =COUNTIFS('Onboarding Base'!$H:$H, $A14, 'Onboarding Base'!$J:$J, B$1) | C14: =COUNTIFS('Onboarding Base'!$H:$H, $A14, 'Onboarding Base'!$J:$J, B$1, 'Onboarding Base'!$P:$P, "Y") | D14: =COUNTIFS('Onboarding Base'!$H:$H, $A14, 'Onboarding Base'!$J:$J, B$1, 'Onboarding Base'!$P:$P, "N") | E14: =IFERROR(C14/B14,100%) | F14: =COUNTIFS('Onboarding Base'!$H:$H, $A14, 'Onboarding Base'!$J:$J, F$1) | G14: =COUNTIFS('Onboarding Base'!$H:$H, $A14, 'Onboarding Base'!$J:$J, F$1, 'Onboarding Base'!$P:$P, "Y") | H14: =COUNTIFS('Onboarding Base'!$H:$H, $A14, 'Onboarding Base'!$J:$J, F$1, 'Onboarding Base'!$P:$P, "N") | I14: =IFERROR(G14/F14,100%) | J14: ='Hyperverge - XD'!C14 | K14: ='Hyperverge - XD'!E14
... A37: Dibrugarh XD | B37: =COUNTIFS('Onboarding Base'!$H:$H, $A37, 'Onboarding Base'!$J:$J, B$1) | C37: =COUNTIFS('Onboarding Base'!$H:$H, $A37, 'Onboarding Base'!$J:$J, B$1, 'Onboarding Base'!$P:$P, "Y") | D37: =COUNTIFS('Onboarding Base'!$H:$H, $A37, 'Onboarding Base'!$J:$J, B$1, 'Onboarding Base'!$P:$P, "N") | E37: =IFERROR(C37/B37,100%) | F37: =COUNTIFS('Onboarding Base'!$H:$H, $A37, 'Onboarding Base'!$J:$J, F$1) | G37: =COUNTIFS('Onboarding Base'!$H:$H, $A37, 'Onboarding Base'!$J:$J, F$1, 'Onboarding Base'!$P:$P, "Y") | H37: =COUNTIFS('Onboarding Base'!$H:$H, $A37, 'Onboarding Base'!$J:$J, F$1, 'Onboarding Base'!$P:$P, "N") | I37: =IFERROR(G37/F37,100%) | J37: ='Hyperverge - XD'!C37 | K37: ='Hyperverge - XD'!E37
A38: Grand Total | B38: =SUM(B3:B37) | C38: =SUM(C3:C37) | D38: =SUM(D3:D37) | E38: =IFERROR(C38/B38,100%) | F38: =SUM(F3:F37) | G38: =SUM(G3:G37) | H38: =SUM(H3:H37) | I38: =IFERROR(G38/F38,100%) | J38: =SUM(J3:J37) | K38: =SUM(K3:K37)

Sheet Hyperverge - DC
A1: Site
B2: Total Onboarding | C2: RED Cases | D2: Total Onboarding | E2: RED Cases
A3: Bangalore DC | B3: =COUNTIFS('Onboarding Base'!$H:$H, $A3, 'Onboarding Base'!$J:$J, B$1) | C3: =COUNTIFS('Onboarding Base'!$H:$H, $A3, 'Onboarding Base'!$J:$J, B$1, 'Onboarding Base'!$U:$U, "red") | D3: =COUNTIFS('Onboarding Base'!$H:$H, $A3, 'Onboarding Base'!$J:$J, D$1) | E3: =COUNTIFS('Onboarding Base'!$H:$H, $A3, 'Onboarding Base'!$J:$J, D$1, 'Onboarding Base'!$U:$U, "red")
A4: Hyderabad DC | B4: =COUNTIFS('Onboarding Base'!$H:$H, $A4, 'Onboarding Base'!$J:$J, B$1) | C4: =COUNTIFS('Onboarding Base'!$H:$H, $A4, 'Onboarding Base'!$J:$J, B$1, 'Onboarding Base'!$U:$U, "red") | D4: =COUNTIFS('Onboarding Base'!$H:$H, $A4, 'Onboarding Base'!$J:$J, D$1) | E4: =COUNTIFS('Onboarding Base'!$H:$H, $A4, 'Onboarding Base'!$J:$J, D$1, 'Onboarding Base'!$U:$U, "red")
A5: NCR TAURU DC | B5: =COUNTIFS('Onboarding Base'!$H:$H, $A5, 'Onboarding Base'!$J:$J, B$1) | C5: =COUNTIFS('Onboarding Base'!$H:$H, $A5, 'Onboarding Base'!$J:$J, B$1, 'Onboarding Base'!$U:$U, "red") | D5: =COUNTIFS('Onboarding Base'!$H:$H, $A5, 'Onboarding Base'!$J:$J, D$1) | E5: =COUNTIFS('Onboarding Base'!$H:$H, $A5, 'Onboarding Base'!$J:$J, D$1, 'Onboarding Base'!$U:$U, "red")
A6: ONE NCR DC | B6: =COUNTIFS('Onboarding Base'!$H:$H, $A6, 'Onboarding Base'!$J:$J, B$1) | C6: =COUNTIFS('Onboarding Base'!$H:$H, $A6, 'Onboarding Base'!$J:$J, B$1, 'Onboarding Base'!$U:$U, "red") | D6: =COUNTIFS('Onboarding Base'!$H:$H, $A6, 'Onboarding Base'!$J:$J, D$1) | E6: =COUNTIFS('Onboarding Base'!$H:$H, $A6, 'Onboarding Base'!$J:$J, D$1, 'Onboarding Base'!$U:$U, "red")
A7: NCR Bilaspur DC | B7: =COUNTIFS('Onboarding Base'!$H:$H, $A7, 'Onboarding Base'!$J:$J, B$1) | C7: =COUNTIFS('Onboarding Base'!$H:$H, $A7, 'Onboarding Base'!$J:$J, B$1, 'Onboarding Base'!$U:$U, "red") | D7: =COUNTIFS('Onboarding Base'!$H:$H, $A7, 'Onboarding Base'!$J:$J, D$1) | E7: =COUNTIFS('Onboarding Base'!$H:$H, $A7, 'Onboarding Base'!$J:$J, D$1, 'Onboarding Base'!$U:$U, "red")
A8: Lucknow DC | B8: =COUNTIFS('Onboarding Base'!$H:$H, $A8, 'Onboarding Base'!$J:$J, B$1) | C8: =COUNTIFS('Onboarding Base'!$H:$H, $A8, 'Onboarding Base'!$J:$J, B$1, 'Onboarding Base'!$U:$U, "red") | D8: =COUNTIFS('Onboarding Base'!$H:$H, $A8, 'Onboarding Base'!$J:$J, D$1) | E8: =COUNTIFS('Onboarding Base'!$H:$H, $A8, 'Onboarding Base'!$J:$J, D$1, 'Onboarding Base'!$U:$U, "red")
A9: Surat DC | B9: =COUNTIFS('Onboarding Base'!$H:$H, $A9, 'Onboarding Base'!$J:$J, B$1) | C9: =COUNTIFS('Onboarding Base'!$H:$H, $A9, 'Onboarding Base'!$J:$J, B$1, 'Onboarding Base'!$U:$U, "red") | D9: =COUNTIFS('Onboarding Base'!$H:$H, $A9, 'Onboarding Base'!$J:$J, D$1) | E9: =COUNTIFS('Onboarding Base'!$H:$H, $A9, 'Onboarding Base'!$J:$J, D$1, 'Onboarding Base'!$U:$U, "red")
A10: Ahmedabad DC | B10: =COUNTIFS('Onboarding Base'!$H:$H, $A10, 'Onboarding Base'!$J:$J, B$1) | C10: =COUNTIFS('Onboarding Base'!$H:$H, $A10, 'Onboarding Base'!$J:$J, B$1, 'Onboarding Base'!$U:$U, "red") | D10: =COUNTIFS('Onboarding Base'!$H:$H, $A10, 'Onboarding Base'!$J:$J, D$1) | E10: =COUNTIFS('Onboarding Base'!$H:$H, $A10, 'Onboarding Base'!$J:$J, D$1, 'Onboarding Base'!$U:$U, "red")
A11: NCR Bamnoli DC | B11: =COUNTIFS('Onboarding Base'!$H:$H, $A11, 'Onboarding Base'!$J:$J, B$1) | C11: =COUNTIFS('Onboarding Base'!$H:$H, $A11, 'Onboarding Base'!$J:$J, B$1, 'Onboarding Base'!$U:$U, "red") | D11: =COUNTIFS('Onboarding Base'!$H:$H, $A11, 'Onboarding Base'!$J:$J, D$1) | E11: =COUNTIFS('Onboarding Base'!$H:$H, $A11, 'Onboarding Base'!$J:$J, D$1, 'Onboarding Base'!$U:$U, "red")
A12: Kolkata DC | B12: =COUNTIFS('Onboarding Base'!$H:$H, $A12, 'Onboarding Base'!$J:$J, B$1) | C12: =COUNTIFS('Onboarding Base'!$H:$H, $A12, 'Onboarding Base'!$J:$J, B$1, 'Onboarding Base'!$U:$U, "red") | D12: =COUNTIFS('Onboarding Base'!$H:$H, $A12, 'Onboarding Base'!$J:$J, D$1) | E12: =COUNTIFS('Onboarding Base'!$H:$H, $A12, 'Onboarding Base'!$J:$J, D$1, 'Onboarding Base'!$U:$U, "red")
A13: Mumbai DC | B13: =COUNTIFS('Onboarding Base'!$H:$H, $A13, 'Onboarding Base'!$J:$J, B$1) | C13: =COUNTIFS('Onboarding Base'!$H:$H, $A13, 'Onboarding Base'!$J:$J, B$1, 'Onboarding Base'!$U:$U, "red") | D13: =COUNTIFS('Onboarding Base'!$H:$H, $A13, 'Onboarding Base'!$J:$J, D$1) | E13: =COUNTIFS('Onboarding Base'!$H:$H, $A13, 'Onboarding Base'!$J:$J, D$1, 'Onboarding Base'!$U:$U, "red")
A14: Jaipur DC | B14: =COUNTIFS('Onboarding Base'!$H:$H, $A14, 'Onboarding Base'!$J:$J, B$1) | C14: =COUNTIFS('Onboarding Base'!$H:$H, $A14, 'Onboarding Base'!$J:$J, B$1, 'Onboarding Base'!$U:$U, "red") | D14: =COUNTIFS('Onboarding Base'!$H:$H, $A14, 'Onboarding Base'!$J:$J, D$1) | E14: =COUNTIFS('Onboarding Base'!$H:$H, $A14, 'Onboarding Base'!$J:$J, D$1, 'Onboarding Base'!$U:$U, "red")
... A28: One_AMD DC | B28: =COUNTIFS('Onboarding Base'!$H:$H, $A28, 'Onboarding Base'!$J:$J, B$1) | C28: =COUNTIFS('Onboarding Base'!$H:$H, $A28, 'Onboarding Base'!$J:$J, B$1, 'Onboarding Base'!$U:$U, "red") | D28: =COUNTIFS('Onboarding Base'!$H:$H, $A28, 'Onboarding Base'!$J:$J, D$1) | E28: =COUNTIFS('Onboarding Base'!$H:$H, $A28, 'Onboarding Base'!$J:$J, D$1, 'Onboarding Base'!$U:$U, "red")
A29: Grand Total | B29: =SUM(B3:B28) | C29: =SUM(C3:C28) | D29: =SUM(D3:D28) | E29: =SUM(E3:E28)

Sheet Hyperverge - XD
A1: Site
B2: Total Onboarding | C2: RED Cases | D2: Total Onboarding | E2: RED Cases
A3: Indore XD | B3: =COUNTIFS('Onboarding Base'!$H:$H, $A3, 'Onboarding Base'!$J:$J, B$1) | C3: =COUNTIFS('Onboarding Base'!$H:$H, $A3, 'Onboarding Base'!$J:$J, B$1, 'Onboarding Base'!$U:$U, "red") | D3: =COUNTIFS('Onboarding Base'!$H:$H, $A3, 'Onboarding Base'!$J:$J, D$1) | E3: =COUNTIFS('Onboarding Base'!$H:$H, $A3, 'Onboarding Base'!$J:$J, D$1, 'Onboarding Base'!$U:$U, "red")
A4: BHUBANESWAR XD | B4: =COUNTIFS('Onboarding Base'!$H:$H, $A4, 'Onboarding Base'!$J:$J, B$1) | C4: =COUNTIFS('Onboarding Base'!$H:$H, $A4, 'Onboarding Base'!$J:$J, B$1, 'Onboarding Base'!$U:$U, "red") | D4: =COUNTIFS('Onboarding Base'!$H:$H, $A4, 'Onboarding Base'!$J:$J, D$1) | E4: =COUNTIFS('Onboarding Base'!$H:$H, $A4, 'Onboarding Base'!$J:$J, D$1, 'Onboarding Base'!$U:$U, "red")
A5: Trichy XD | B5: =COUNTIFS('Onboarding Base'!$H:$H, $A5, 'Onboarding Base'!$J:$J, B$1) | C5: =COUNTIFS('Onboarding Base'!$H:$H, $A5, 'Onboarding Base'!$J:$J, B$1, 'Onboarding Base'!$U:$U, "red") | D5: =COUNTIFS('Onboarding Base'!$H:$H, $A5, 'Onboarding Base'!$J:$J, D$1) | E5: =COUNTIFS('Onboarding Base'!$H:$H, $A5, 'Onboarding Base'!$J:$J, D$1, 'Onboarding Base'!$U:$U, "red")
A6: Pune XD | B6: =COUNTIFS('Onboarding Base'!$H:$H, $A6, 'Onboarding Base'!$J:$J, B$1) | C6: =COUNTIFS('Onboarding Base'!$H:$H, $A6, 'Onboarding Base'!$J:$J, B$1, 'Onboarding Base'!$U:$U, "red") | D6: =COUNTIFS('Onboarding Base'!$H:$H, $A6, 'Onboarding Base'!$J:$J, D$1) | E6: =COUNTIFS('Onboarding Base'!$H:$H, $A6, 'Onboarding Base'!$J:$J, D$1, 'Onboarding Base'!$U:$U, "red")
A7: Ludhiana XD | B7: =COUNTIFS('Onboarding Base'!$H:$H, $A7, 'Onboarding Base'!$J:$J, B$1) | C7: =COUNTIFS('Onboarding Base'!$H:$H, $A7, 'Onboarding Base'!$J:$J, B$1, 'Onboarding Base'!$U:$U, "red") | D7: =COUNTIFS('Onboarding Base'!$H:$H, $A7, 'Onboarding Base'!$J:$J, D$1) | E7: =COUNTIFS('Onboarding Base'!$H:$H, $A7, 'Onboarding Base'!$J:$J, D$1, 'Onboarding Base'!$U:$U, "red")
A8: Coimbatore XD | B8: =COUNTIFS('Onboarding Base'!$H:$H, $A8, 'Onboarding Base'!$J:$J, B$1) | C8: =COUNTIFS('Onboarding Base'!$H:$H, $A8, 'Onboarding Base'!$J:$J, B$1, 'Onboarding Base'!$U:$U, "red") | D8: =COUNTIFS('Onboarding Base'!$H:$H, $A8, 'Onboarding Base'!$J:$J, D$1) | E8: =COUNTIFS('Onboarding Base'!$H:$H, $A8, 'Onboarding Base'!$J:$J, D$1, 'Onboarding Base'!$U:$U, "red")
A9: Ranchi XD | B9: =COUNTIFS('Onboarding Base'!$H:$H, $A9, 'Onboarding Base'!$J:$J, B$1) | C9: =COUNTIFS('Onboarding Base'!$H:$H, $A9, 'Onboarding Base'!$J:$J, B$1, 'Onboarding Base'!$U:$U, "red") | D9: =COUNTIFS('Onboarding Base'!$H:$H, $A9, 'Onboarding Base'!$J:$J, D$1) | E9: =COUNTIFS('Onboarding Base'!$H:$H, $A9, 'Onboarding Base'!$J:$J, D$1, 'Onboarding Base'!$U:$U, "red")
A10: Kochi XD | B10: =COUNTIFS('Onboarding Base'!$H:$H, $A10, 'Onboarding Base'!$J:$J, B$1) | C10: =COUNTIFS('Onboarding Base'!$H:$H, $A10, 'Onboarding Base'!$J:$J, B$1, 'Onboarding Base'!$U:$U, "red") | D10: =COUNTIFS('Onboarding Base'!$H:$H, $A10, 'Onboarding Base'!$J:$J, D$1) | E10: =COUNTIFS('Onboarding Base'!$H:$H, $A10, 'Onboarding Base'!$J:$J, D$1, 'Onboarding Base'!$U:$U, "red")
A11: Raipur XD | B11: =COUNTIFS('Onboarding Base'!$H:$H, $A11, 'Onboarding Base'!$J:$J, B$1) | C11: =COUNTIFS('Onboarding Base'!$H:$H, $A11, 'Onboarding Base'!$J:$J, B$1, 'Onboarding Base'!$U:$U, "red") | D11: =COUNTIFS('Onboarding Base'!$H:$H, $A11, 'Onboarding Base'!$J:$J, D$1) | E11: =COUNTIFS('Onboarding Base'!$H:$H, $A11, 'Onboarding Base'!$J:$J, D$1, 'Onboarding Base'!$U:$U, "red")
A12: Vanaras XD | B12: =COUNTIFS('Onboarding Base'!$H:$H, $A12, 'Onboarding Base'!$J:$J, B$1) | C12: =COUNTIFS('Onboarding Base'!$H:$H, $A12, 'Onboarding Base'!$J:$J, B$1, 'Onboarding Base'!$U:$U, "red") | D12: =COUNTIFS('Onboarding Base'!$H:$H, $A12, 'Onboarding Base'!$J:$J, D$1) | E12: =COUNTIFS('Onboarding Base'!$H:$H, $A12, 'Onboarding Base'!$J:$J, D$1, 'Onboarding Base'!$U:$U, "red")
A13: Vijayawada XD | B13: =COUNTIFS('Onboarding Base'!$H:$H, $A13, 'Onboarding Base'!$J:$J, B$1) | C13: =COUNTIFS('Onboarding Base'!$H:$H, $A13, 'Onboarding Base'!$J:$J, B$1, 'Onboarding Base'!$U:$U, "red") | D13: =COUNTIFS('Onboarding Base'!$H:$H, $A13, 'Onboarding Base'!$J:$J, D$1) | E13: =COUNTIFS('Onboarding Base'!$H:$H, $A13, 'Onboarding Base'!$J:$J, D$1, 'Onboarding Base'!$U:$U, "red")
A14: Visakhapatnam XD | B14: =COUNTIFS('Onboarding Base'!$H:$H, $A14, 'Onboarding Base'!$J:$J, B$1) | C14: =COUNTIFS('Onboarding Base'!$H:$H, $A14, 'Onboarding Base'!$J:$J, B$1, 'Onboarding Base'!$U:$U, "red") | D14: =COUNTIFS('Onboarding Base'!$H:$H, $A14, 'Onboarding Base'!$J:$J, D$1) | E14: =COUNTIFS('Onboarding Base'!$H:$H, $A14, 'Onboarding Base'!$J:$J, D$1, 'Onboarding Base'!$U:$U, "red")
... A37: Dibrugarh XD | B37: =COUNTIFS('Onboarding Base'!$H:$H, $A37, 'Onboarding Base'!$J:$J, B$1) | C37: =COUNTIFS('Onboarding Base'!$H:$H, $A37, 'Onboarding Base'!$J:$J, B$1, 'Onboarding Base'!$U:$U, "red") | D37: =COUNTIFS('Onboarding Base'!$H:$H, $A37, 'Onboarding Base'!$J:$J, D$1) | E37: =COUNTIFS('Onboarding Base'!$H:$H, $A37, 'Onboarding Base'!$J:$J, D$1, 'Onboarding Base'!$U:$U, "red")
A38: Grand Total | B38: =SUM(B3:B37) | C38: =SUM(C3:C37) | D38: =SUM(D3:D37) | E38: =SUM(E3:E37)

Sheet Manual Onb - HR wise details
A1: Approved by | B1: Count of Manual cases
B2: =COUNTIFS('Onboarding Base'!$O:$O, $A2, 'Onboarding Base'!$P:$P, "N")

Sheet RED Cases - HR wise details
A1: Approved by | B1: Count of RED cases
B2: =COUNTIFS('Onboarding Base'!$O:$O, $A2, 'Onboarding Base'!$U:$U, "red")

Sheet Onboarding Base
A1: ID | B1: Name | C1: Status | D1: Sub Status | E1: Role | F1: Role Type | G1: Department | H1: Registered Facility | I1: Registered Date | J1: Onboarded Date | K1: Rejection Date | L1: Rejection Reason | M1: Vendor | N1: Lead Source | O1: Approved By | P1: Onboarded by Aadhaar (Y/N) | Q1: Present Count Since DOJ | R1: Phone Number | S1: Date of Birth | T1: Auto Verification Status | U1: Hyperverge Status | V1: Auto Verification Comments | W1: Winback Count | X1: Aadhaar Number | Y1: Father Name | Z1: Permanent Address | AA1: Gender
